Symbol,Name,Last Sale,Net Change,% Change,Market Cap,Country,IPO Year,Volume,Sector,Industry
AAMC,Altisource Asset Management Corp Com,$17.70,-0.1411,-0.791%,36255246.00,United States,,53825,Finance,Investment Managers
AAU,Almaden Minerals Ltd. Common Shares,$0.5795,0.0099,1.738%,79519806.00,Canada,2015,1203357,,
ACU,Acme United Corporation. Common Stock,$45.31,-0.05,-0.11%,151435535.00,United States,1988,58026,Consumer Durables,Home Furnishings
ACY,AeroCentury Corp. Common Stock,$11.66,1.77,17.897%,18025007.00,United States,,470569,Technology,Diversified Commercial Services
ADRA,Adara Acquisition Corp. Class A Common Stock,$9.77,0.02,0.205%,140443750.00,United States,2021,104633,Finance,Business Services
AE,Adams Resources & Energy Inc. Common Stock,$26.64,-0.07,-0.262%,113247040.00,United States,,9552,Energy,Oilfield Services/Equipment
AEF,Aberdeen Emerging Markets Equity Income Fund Inc. Common Stock,$8.62,-0.02,-0.231%,437480326.00,United States,,113156,,
AGE,AgeX Therapeutics Inc. Common Stock,$1.56,0.14,9.859%,59178737.00,,2018,551101,Health Care,Major Pharmaceuticals
AIM,AIM ImmunoTech Inc. Common Stock,$2.21,0.05,2.315%,87714927.00,United States,,333717,Health Care,Biotechnology: Biological Products (No Diagnostic Substances)
AINC,Ashford Inc. (Holding Company) Common Stock,$8.25,0.03,0.365%,24829316.00,United States,2014,10330,Finance,Investment Managers
AIRI,Air Industries Group Common Stock,$1.36,0.05,3.817%,43520211.00,United States,,358320,Capital Goods,Military/Government/Technical
AMBO,Ambow Education Holding Ltd. American Depository Shares each representing two Class A ordinary shares,$2.15,0.00,0.00%,49930891.00,China,,1032441,Miscellaneous,Service to the Health Industry
AMPE,Ampio Pharmaceuticals Inc.,$1.87,0.08,4.469%,365826469.00,United States,,1659448,Health Care,Major Pharmaceuticals
AMS,American Shared Hospital Services Common Stock,$2.52,0.152,6.419%,14618520.00,United States,,140009,Health Care,Medical Specialities
ANVS,Annovis Bio Inc. Common Stock,$26.15,3.15,13.696%,181671084.00,United States,2020,127009,Consumer Durables,Specialty Chemicals
APT,Alpha Pro Tech Ltd. Common Stock,$10.40,0.25,2.463%,141406273.00,Canada,,245404,,
ARMP,Armata Pharmaceuticals Inc. Common Stock,$4.36,0.22,5.314%,108740327.00,United States,,4740,Health Care,Biotechnology: Biological Products (No Diagnostic Substances)
ASM,Avino Silver & Gold Mines Ltd. Common Shares (Canada),$1.26,0.04,3.279%,125742007.00,Canada,,1296140,,
ASXC,Asensus Surgical Inc. Common Stock,$2.38,0.49,25.926%,554123098.00,United States,,21135079,Health Care,Medical/Dental Instruments
ATNM,Actinium Pharmaceuticals Inc. (Delaware) Common Stock,$7.86,0.03,0.383%,151270715.00,United States,,157361,Health Care,Major Pharmaceuticals
AUMN,Golden Minerals Company Common Stock,$0.6984,-0.0042,-0.598%,113468777.00,United States,,693817,,
AWX,Avalon Holdings Corporation Common Stock,$3.57,0.10,2.882%,13920969.00,United States,,145345,Public Utilities,Environmental Services
AXU,Alexco Resource Corp Common Shares (Canada),$2.81,0.07,2.555%,398826599.00,Canada,,801983,,
BATL,Battalion Oil Corporation Common Stock,$11.39,0.00,0.00%,185282918.00,,,41034,Energy,Oil & Gas Production
BCV,Bancroft Fund Ltd.,$31.48,0.15,0.479%,173699903.00,United States,,14311,,
BCV^A,Bancroft Fund Limited 5.375% Series A Cumulative Preferred Shares,$25.742,0.00,0.00%,,United States,,80,,
BDL,Flanigan's Enterprises Inc. Common Stock,$24.12,0.00,0.00%,44830566.00,United States,,75,Consumer Services,Restaurants
BDR,Blonder Tongue Laboratories Inc. Common Stock,$1.10,0.02,1.852%,13156556.00,United States,,172298,Capital Goods,Industrial Machinery/Components
BGI,Birks Group Inc. Common Stock,$2.38,-0.12,-4.80%,42770697.00,Canada,,1617177,,
BHB,Bar Harbor Bankshares Inc. Common Stock,$29.71,0.23,0.78%,444018832.00,United States,,15197,Finance,Major Banks
BIOX,Bioceres Crop Solutions Corp. Ordinary Shares,$13.91,0.33,2.43%,560932254.00,,2018,73552,Finance,Business Services
BKTI,BK Technologies Corporation Common Stock,$5.02,0.11,2.24%,62810069.00,United States,,27738,Technology,Radio And Television Broadcasting And Communications Equipment
BMTX,BM Technologies Inc. Common Stock,$10.74,0.26,2.481%,131031243.00,,2018,46898,Technology,EDP Services
BRBS,Blue Ridge Bankshares Inc. Common Stock,$23.35,0.01,0.043%,434725560.00,,,32654,Finance,Commercial Banks
BRG,Bluerock Residential Growth REIT Inc. Class A Common Stock,$9.73,0.10,1.038%,223571367.00,,2014,407620,Consumer Services,Real Estate Investment Trusts
BRG^C,Bluerock Residential Growth REIT Inc. 7.625% Series C Cumulative Redeemable Preferred Stock,$25.6074,0.0374,0.146%,,,,1236,,
BRG^D,Bluerock Residential Growth REIT Inc. 7.125% Series D Cumulative Preferred Stock ($0.01 par value per share),$25.30,0.00,0.00%,,,,1846,,
BRN,Barnwell Industries Inc. Common Stock,$2.23,0.01,0.45%,18458067.00,United States,,34026,Energy,Oil & Gas Production
BTG,B2Gold Corp Common shares (Canada),$5.07,0.00,0.00%,5332635258.00,Canada,,3801544,,
BTN,Ballantyne Strong Inc. Common Stock,$4.80,-0.33,-6.433%,87847411.00,United States,,462144,Miscellaneous,Industrial Machinery/Components
BTX,Brooklyn ImmunoTherapeutics Inc. Common Stock,$16.47,0.31,1.918%,683738314.00,United States,,2031236,,
BWL/A,Bowl America Inc.,$10.30,0.255,2.539%,,United States,,2372,,
CANF,Can-Fite Biopharma Ltd Sponsored ADR (Israel),$2.27,0.05,2.252%,39024803.00,Israel,,296974,Health Care,Major Pharmaceuticals
CCF,Chase Corporation Common Stock,$117.96,1.23,1.054%,1114529843.00,United States,,11951,Basic Industries,Paints/Coatings
CDOR,Condor Hospitality Trust Inc. Common Stock,$3.73,0.08,2.192%,44835126.00,United States,,6459,Consumer Services,Real Estate Investment Trusts
CEI,Camber Energy Inc. Common Stock,$0.7685,0.0627,8.884%,27201164.00,United States,,3798776,Energy,Oil & Gas Production
CET,Central Securities Corporation Common Stock,$38.86,-0.10,-0.257%,1019702061.00,United States,,80636,,
CEV,Eaton Vance California Municipal Income Trust Shares of Beneficial Interest,$13.38,-0.04,-0.298%,95447234.00,United States,1999,24725,,
CHAQ,Chardan Healthcare Acquisition 2 Corp. Common Stock,$10.145,0.00,0.00%,109345904.00,,2020,120,,
CHFW,Consonance-HFW Acquisition Corp. Class A Ordinary Shares,$9.83,-0.09,-0.907%,118294220.00,,2021,12613,,
CIK,Credit Suisse Asset Management Income Fund Inc. Common Stock,$3.41,-0.01,-0.292%,178359808.00,United States,,1065834,,
CIX,CompX International Inc. Common Stock,$24.32,0.24,0.997%,301596138.00,United States,1998,12475,Miscellaneous,Diversified Manufacture
CKX,CKX Lands Inc. Common Stock,$11.62,-0.69,-5.605%,22571792.00,United States,,384,Energy,Oil & Gas Production
CLM,Cornerstone Strategic Value Fund Inc. New Common Stock,$11.94,-0.18,-1.485%,927408874.00,United States,1987,1335538,,
CMCL,Caledonia Mining Corporation Plc Common Shares,$14.06,-0.31,-2.157%,170390651.00,Canada,,45438,Basic Industries,Precious Metals
CMT,Core Molding Technologies Inc Common Stock,$11.31,-0.19,-1.652%,95864092.00,United States,,16306,Consumer Durables,Electronic Components
COHN,Cohen & Company Inc.,$31.792,0.282,0.895%,42189160.00,United States,,6138,Finance,Investment Managers
CPHI,China Pharma Holdings Inc. Common Stock,$0.841,-0.008,-0.942%,38332407.00,China,,1110899,Health Care,Major Pharmaceuticals
CQP,Cheniere Energy Partners LP Cheniere Energy Partners LP Common Units,$41.30,0.32,0.781%,19990072380.00,United States,2007,239503,Public Utilities,Oil/Gas Transmission
CRF,Cornerstone Total Return Fund Inc. (The) Common Stock,$11.53,-0.34,-2.864%,473232800.00,United States,,690960,,
CTEK,CynergisTek Inc. Common Stock,$1.79,0.07,4.07%,21696049.00,United States,2017,94520,Technology,Retail: Computer Software & Peripheral Equipment
CVM,Cel-Sci Corporation Common Stock,$25.07,0.65,2.662%,1016068999.00,United States,,846263,Health Care,Biotechnology: Biological Products (No Diagnostic Substances)
CVR,Chicago Rivet & Machine Co. Common Stock,$26.13,0.71,2.793%,25245029.00,United States,,395,Consumer Non-Durables,Industrial Specialties
CVU,CPI Aerostructures Inc. Common Stock,$4.50,0.04,0.897%,54596727.00,United States,,43741,Capital Goods,Military/Government/Technical
DHY,Credit Suisse High Yield Bond Fund Common Stock,$2.42,0.00,0.00%,250487913.00,United States,1998,996553,,
DIT,AMCON Distributing Company Common Stock,$142.00,-6.3746,-4.296%,78294398.00,United States,,151,Consumer Non-Durables,Food Distributors
DLA,Delta Apparel Inc. Common Stock,$30.80,1.65,5.66%,214819528.00,United States,,32781,Consumer Non-Durables,Department/Specialty Retail Stores
DMF,BNY Mellon Municipal Income Inc. Common Stock,$8.96,0.04,0.448%,185927150.00,United States,1988,48094,,
DNN,Denison Mines Corp Ordinary Shares (Canada),$1.04,0.0446,4.481%,830467578.00,Canada,,11356712,,
DPW,Ault Global Holdings Inc. Common Stock,$2.55,0.16,6.695%,126221624.00,United States,,1945847,Capital Goods,Industrial Machinery/Components
DSS,Document Security Systems Inc. Common Stock,$3.06,0.14,4.795%,84670583.00,United States,,685357,Technology,EDP Services
DXF,Dunxin Financial Holdings Limited American Depositary Shares,$1.87,0.30,19.108%,39036005.00,China,,596570,Consumer Non-Durables,Apparel
DXR,Daxor Corporation Common Stock,$9.95,-0.0812,-0.809%,40137076.00,United States,,3429,Health Care,Medical/Dental Instruments
EAD,Wells Fargo Income Opportunities Fund Common Shares,$8.60,0.05,0.585%,521041440.00,United States,2003,146065,,
ECF,Ellsworth Growth and Income Fund Ltd.,$14.49,0.38,2.693%,195607146.00,United States,1986,22875,,
ECF^A,Ellsworth Growth and Income Fund Ltd. 5.25% Series A Cumulative Preferred Shares (Liquidation Preference $25.00 per share),$25.96,0.03,0.116%,,United States,,706,,
EIM,Eaton Vance Municipal Bond Fund Common Shares of Beneficial Interest $.01 par value,$13.54,0.05,0.371%,974246111.00,United States,2002,79715,,
ELA,Envela Corporation Common Stock,$3.91,-0.04,-1.013%,105274330.00,United States,,73019,Consumer Services,Consumer Specialties
ELLO,Ellomay Capital Ltd Ordinary Shares (Israel),$31.00,0.00,0.00%,398022237.00,Israel,,103,Public Utilities,Electric Utilities: Central
ELMD,Electromed Inc. Common Stock,$9.90,-0.14,-1.394%,85486946.00,United States,2011,63278,Health Care,Biotechnology: Electromedical & Electrotherapeutic Apparatus
EMAN,eMagin Corporation Common Stock,$3.11,0.37,13.504%,221180659.00,United States,,2572456,Technology,Semiconductors
EMX,EMX Royalty Corporation Common Shares (Canada),$3.26,0.10,3.165%,277083367.00,Canada,,78514,,
ENSV,Enservco Corporation Common Stock,$1.38,0.03,2.222%,15549765.00,United States,,134975,Energy,Oilfield Services/Equipment
ENX,Eaton Vance New York Municipal Bond Fund Common Shares of Beneficial Interest $.01 par value,$12.3507,-0.0043,-0.035%,223773614.00,United States,2002,40860,,
EPM,Evolution Petroleum Corporation Inc. Common Stock,$3.22,-0.05,-1.529%,107839571.00,United States,,93561,Energy,Oil & Gas Production
EQX,Equinox Gold Corp. Common Shares,$8.52,-0.06,-0.699%,2536536835.00,Canada,,984049,,
ERC,Wells Fargo Multi-Sector Income Fund Common Stock no par value,$12.6197,-0.0503,-0.397%,355018511.00,United States,2003,75793,,
ERH,Wells Fargo Utilities and High Income Fund,$13.76,0.22,1.625%,127624894.00,,2004,17179,,
ESP,Espey Mfg. & Electronics Corp. Common Stock,$15.50,-0.57,-3.547%,41890812.00,United States,,6767,Capital Goods,Industrial Machinery/Components
EVBN,Evans Bancorp Inc. Common Stock,$35.00,-0.32,-0.906%,190014755.00,United States,,16153,Finance,Major Banks
EVI,EVI Industries Inc.  Common Stock,$28.03,0.12,0.43%,343406434.00,United States,,2863,Capital Goods,Industrial Machinery/Components
EVM,Eaton Vance California Municipal Bond Fund Common Shares of Beneficial Interest $.01 par value,$11.76,0.06,0.513%,293933427.00,United States,2002,37850,,
EVV,Eaton Vance Limited Duration Income Fund Common Shares of Beneficial Interest,$12.73,0.02,0.157%,1478551539.00,United States,2003,483087,,
EVY,Eaton Vance New York Municipal Income Trust Shares of Beneficial Interest,$14.76,-0.02,-0.135%,79730981.00,United States,1999,10934,,
EXN,Excellon Resources Inc. Common Shares,$2.78,-0.0997,-3.462%,89994477.00,,2020,18924,,
FAX,Aberdeen Asia-Pacific Income Fund Inc Common Stock,$4.29,0.03,0.704%,1062614845.00,United States,1986,487711,,
FCO,Aberdeen Global Income Fund Inc. Common Stock,$8.68,0.02,0.231%,75831188.00,United States,1992,23556,,
FEN,First Trust Energy Income and Growth Fund,$13.73,0.00,0.00%,266987676.00,United States,2004,127709,,
FRD,Friedman Industries Inc. Common Stock,$8.44,0.18,2.179%,58285366.00,United States,,7913,Basic Industries,Steel/Iron Ore
FSI,Flexible Solutions International Inc. Common Stock (CDA),$3.15,0.11,3.618%,38784517.00,Canada,,180110,Capital Goods,Recreational Products/Toys
FSP,Franklin Street Properties Corp. Common Stock,$5.50,0.00,0.00%,590305095.00,United States,,193779,Consumer Services,Real Estate Investment Trusts
FTF,Franklin Limited Duration Income Trust Common Shares of Beneficial Interest,$9.27,0.02,0.216%,279387000.00,United States,2003,264591,,
FTSI,FTS International Inc. Class A Common Stock,$23.36,0.06,0.258%,326805699.00,United States,2020,23703,Energy,Oilfield Services/Equipment
FURY,Fury Gold Mines Limited Common Shares,$1.28,0.00,0.00%,150828352.00,,2020,247087,,
GAU,Galiano Gold Inc.,$1.18,0.01,0.855%,264984602.00,Canada,,612380,,
GBR,New Concept Energy Inc Common Stock,$3.83,-0.05,-1.289%,19655307.00,United States,,393276,Energy,Oil & Gas Production
GDP,Goodrich Petroleum Corporation Common Stock,$9.76,0.03,0.308%,130806360.00,United States,2017,34878,Energy,Oil & Gas Production
GGN,GAMCO Global Gold Natural Resources & Income Trust,$3.69,0.05,1.374%,568186698.00,United States,2005,1226754,,
GGN^B,GAMCO Global Gold Natural Reources & Income Trust 5.00% Series B Cumulative 25.00 Liquidation Preference,$25.26,-0.04,-0.158%,,United States,,4052,,
GGO,The Gabelli Go Anywhere Trust Common Shares of Beneficial Interest,$14.79,0.87,6.25%,22879420.00,,2016,380,,
GGO^A,The Gabelli Go Anywhere Trust Series A Cumulative Puttable and Callable Preferred Shares,$40.50,0.00,0.00%,,,,1,,
GLDG,GoldMining Inc. Common Shares,$1.64,0.03,1.863%,245198663.00,,,216347,,
GLO,Clough Global Opportunities Fund Common Stock,$12.95,0.10,0.778%,417306135.00,United States,2006,208053,,
GLQ,Clough Global Equity Fund Clough Global Equity Fund Common Shares of Beneficial Interest,$15.71,0.07,0.448%,207856324.00,United States,2005,64184,,
GLU,Gabelli Global Utility Common Shares of Beneficial Ownership,$20.3093,0.0693,0.342%,109133608.00,United States,2004,13851,,
GLU^A,The Gabelli Global Utility and Income Trust Series A Cumulative Puttable and Callable Preferred Shares,$45.38,0.00,0.00%,,United States,,10,,
GLU^B,The Gabelli Global Utility and Income Trust Series B Cumulative Puttable and Callable Preferred Shares,$52.25,0.00,0.00%,,United States,,74,,
GLV,Clough Global Dividend and Income Fund Common Shares of beneficial interest,$11.98,0.02,0.167%,100724534.00,United States,2004,75018,,
GOED,1847 Goedeker Inc. Commom Stock,$7.20,0.12,1.695%,44000640.00,United States,2020,3662,Capital Goods,Recreational Products/Toys
GORO,Gold Resource Corporation Common Stock,$2.82,-0.01,-0.353%,209918558.00,United States,,731037,Basic Industries,Precious Metals
GPL,Great Panther Mining Limited Ordinary Shares (Canada),$0.8042,-0.0026,-0.322%,285547626.00,Canada,,670036,,
GRF,Eagle Capital Growth Fund Inc. Common Stock,$8.79,0.09,1.034%,35813282.00,United States,,4479,,
GROY,Gold Royalty Corp. Common Shares,$4.66,0.1395,3.086%,190244500.00,,2021,51039,,
GSAT,Globalstar Inc. Common Stock,$1.36,0.4396,47.762%,2287707016.00,United States,2006,74031635,Consumer Services,Telecommunications Equipment
GSS,Golden Star Resources Ltd Common Stock,$3.64,-0.03,-0.817%,405181486.00,United States,,230774,,
GSV,Gold Standard Ventures Corporation Common Stock (Canada),$0.581,0.00,0.00%,207693675.00,Canada,,2397833,,
GTE,Gran Tierra Energy Inc. Common Stock,$0.6055,0.018,3.064%,222207332.00,Canada,,4889724,Energy,Oil & Gas Production
HLM^,Hillman Group Capital Trust Preferred Stock,$26.0316,-0.0984,-0.377%,,United States,,11729,,
HMG,HMG/Courtland Properties Inc. Common Stock,$12.205,0.00,0.00%,12293462.00,United States,,32,Consumer Services,Real Estate Investment Trusts
HNW,Pioneer Diversified High Income Fund Inc.,$14.89,-0.05,-0.335%,124075243.00,United States,2007,43003,,
HUSA,Houston American Energy Corporation Common Stock,$1.67,0.04,2.454%,16571974.00,United States,,227976,Energy,Oil & Gas Production
HWM^,Howmet Aerospace Inc. $3.75 Preferred Stock,$76.5068,3.5768,4.904%,,United States,,1005,,
IAF,Aberdeen Australia Equity Fund Inc Common Stock,$6.38,0.1545,2.482%,148680101.00,United States,,104947,,
IBIO,iBio Inc. Common Stock,$1.35,0.02,1.504%,291613407.00,United States,,2882757,Health Care,Major Pharmaceuticals
ID,PARTS iD Inc. Class A Common Stock,$8.06,0.11,1.384%,264960063.00,United States,2017,46558,Miscellaneous,Diversified Commercial Services
IGC,India Globalization Capital Inc. Common Stock,$1.64,0.04,2.50%,74400770.00,United States,,755616,Technology,Engineering & Construction
IHT,InnSuites Hospitality Trust Shares of Beneficial Interest,$2.11,-0.03,-1.402%,19124015.00,United States,,6348,Consumer Services,Real Estate Investment Trusts
IMH,Impac Mortgage Holdings Inc. Common Stock ,$2.11,-0.04,-1.86%,45001413.00,United States,1997,44250,Finance,Finance: Consumer Services
IMO,Imperial Oil Limited Common Stock,$25.54,0.04,0.157%,18748320323.00,Canada,,480560,,
INDO,Indonesia Energy Corporation Limited Ordinary Shares,$5.31,0.06,1.143%,39336241.00,,2019,1758,Energy,Oil & Gas Production
INFU,InfuSystems Holdings Inc. Common Stock,$22.21,-0.06,-0.269%,452147849.00,United States,,93044,Health Care,Medical/Dental Instruments
INS,Intelligent Systems Corporation Common Stock,$38.71,0.32,0.834%,343835769.00,United States,1992,13799,Technology,Retail: Computer Software & Peripheral Equipment
INTT,inTest Corporation Common Stock,$13.19,0.02,0.152%,141173309.00,United States,1997,281764,Technology,Semiconductors
INUV,Inuvo Inc.,$0.9216,0.151,19.595%,109224534.00,United States,,5089943,Technology,Advertising
IOR,Income Opportunity Realty Investors Inc. Common Stock,$12.33,-0.35,-2.76%,51396545.00,United States,,777,Finance,Diversified Financial Services
ISDR,Issuer Direct Corporation Common Stock,$25.80,0.225,0.88%,97291852.00,United States,,17189,Technology,EDP Services
ISR,IsoRay Inc. Common Stock (DE),$0.9458,0.0428,4.74%,133546821.00,United States,,1254329,Health Care,Medical/Dental Instruments
ITP,IT Tech Packaging Inc. Common Stock,$0.5771,0.0316,5.793%,57159389.00,China,,3301509,Basic Industries,Paper
ITRG,Integra Resources Corp. Common Shares,$3.05,0.06,2.007%,167130576.00,,,24543,,
JOB,GEE Group Inc. Common Stock,$0.635,0.0225,3.673%,64135290.00,United States,,29342460,Technology,Diversified Commercial Services
KIQ,Kelso Technologies Inc Ordinary Shares,$0.8498,0.036,4.424%,46033739.00,Canada,,1576018,,
KLR,Kaleyra Inc. Common Stock,$14.40,-0.10,-0.69%,436157093.00,United States,2018,78909,Technology,Internet and Information Services
LCTX,Lineage Cell Therapeutics Inc. Common Stock,$2.60,0.13,5.263%,389951502.00,United States,,1445431,Health Care,Biotechnology: Biological Products (No Diagnostic Substances)
LEU,Centrus Energy Corp. Class A Common Stock,$21.13,0.26,1.246%,282716780.00,United States,2014,60369,,
LGL,LGL Group Inc. (The) Common Stock,$10.95,0.31,2.914%,58341228.00,United States,,4386,Capital Goods,Industrial Machinery/Components
LNG,Cheniere Energy Inc. Common Stock,$74.60,0.41,0.553%,18911622051.00,United States,,495024,Public Utilities,Oil/Gas Transmission
LODE,Comstock Mining Inc. Common Stock,$4.11,0.28,7.311%,174492167.00,United States,,792238,Finance,Real Estate
LOV,Spark Networks Inc. American Depositary Shares (each representing one-tenth of an Ordinary Share),$7.28,0.12,1.676%,189694159.00,United States,2017,236892,Miscellaneous,Other Consumer Services
LSF,Laird Superfood Inc. Common Stock,$35.55,1.15,3.343%,316229764.00,,2020,50921,Consumer Non-Durables,Specialty Foods
LXFR,Luxfer Holdings PLC Ordinary Shares,$20.41,0.40,1.999%,564053883.00,United Kingdom,2012,42100,Capital Goods,Metal Fabrications
MAG,MAG Silver Corporation Ordinary Shares,$18.09,0.03,0.166%,1713905971.00,Canada,,431442,,
MCF,Contango Oil & Gas Company Common Stock (TX),$3.84,0.12,3.226%,764724403.00,United States,,332041,Energy,Oil & Gas Production
MHH,Mastech Digital Inc Common Stock,$16.79,-0.27,-1.583%,191795729.00,United States,,12365,Consumer Services,Professional Services
MLSS,Milestone Scientific Inc. Common Stock,$2.59,0.09,3.60%,172386645.00,United States,2015,251633,Health Care,Industrial Specialties
MMX,Maverix Metals Inc. Common Shares,$5.63,-0.09,-1.573%,793873982.00,,,101823,,
MSN,Emerson Radio Corporation Common Stock,$1.17,0.02,1.739%,24619903.00,United States,,88111,Consumer Non-Durables,Consumer Electronics/Appliances
MTA,Metalla Royalty & Streaming Ltd. Common Shares,$9.74,0.34,3.617%,406478261.00,,,282423,,
MTNB,Matinas Biopharma Holdings Inc. Common Stock,$0.91,0.0254,2.871%,185891535.00,United States,2017,889932,Health Care,Major Pharmaceuticals
MXC,Mexco Energy Corporation Common Stock,$7.23,-0.1449,-1.965%,14978145.00,United States,,7444,Energy,Oil & Gas Production
MYO,Myomo Inc. Common Stock,$9.86,-0.24,-2.376%,55047098.00,United States,2017,54794,Health Care,Industrial Specialties
NAK,Northern Dynasty Minerals Ltd. Common Stock,$0.6023,0.0276,4.803%,308853536.00,Canada,,7730604,,
NAVB,Navidea Biopharmaceuticals Inc. Common Stock,$1.62,-0.02,-1.22%,46279023.00,United States,,160834,Health Care,Biotechnology: In Vitro & In Vivo Diagnostic Substances
NBA,New Beginnings Acquisition Corp. Common Stock,$10.01,0.01,0.10%,149349200.00,,2020,7897,,
NBH,Neuberger Berman Municipal Fund Inc. Common Stock,$16.66,0.00,0.00%,313509479.00,United States,2002,24765,,
NBO,Neuberger Berman New York Municipal Fund Inc. Common Stock,$12.61,0.00,0.00%,64026228.00,United States,2002,13207,,
NBW,Neuberger Berman California Municipal Fund Inc Common Stock,$13.88,0.01,0.072%,77048491.00,United States,2002,5793,,
NBY,NovaBay Pharmaceuticals Inc. Common Stock,$0.8012,0.0013,0.163%,33476206.00,United States,2007,480985,Health Care,Major Pharmaceuticals
NEN,New England Realty Associates Limited Partnership Class A Depositary Receipts Evidencing Units of Limited Partnership,$59.00,0.05,0.085%,215509064.00,United States,,3280,Consumer Services,Building operators
NES,Nuverra Environmental Solutions Inc. Common Stock,$2.02,-0.07,-3.349%,32324997.00,United States,2017,14161,Public Utilities,Water Supply
NG,Novagold Resources Inc.,$9.40,-0.22,-2.287%,3114513130.00,Canada,,504874,,
NGD,New Gold Inc.,$1.72,0.02,1.176%,1164231531.00,Canada,,4101778,,
NHC,National HealthCare Corporation Common Stock,$71.06,-0.15,-0.211%,1092851992.00,United States,,26444,Health Care,Hospital/Nursing Management
NHS,Neuberger Berman High Yield Strategies Fund,$12.76,0.02,0.157%,249337865.00,United States,,20659,,
NML,Neuberger Berman MLP and Energy Income Fund Inc. Common Stock,$4.36,-0.03,-0.683%,247032926.00,,2013,183381,,
NNVC,NanoViricides Inc. Common Stock,$4.30,0.12,2.871%,45911100.00,United States,,62077,Health Care,Major Pharmaceuticals
NOG,Northern Oil and Gas Inc. Common Stock,$12.55,0.33,2.70%,757537415.00,United States,,498463,Energy,Oil & Gas Production
NRO,Neuberger Berman Real Estate Securities Income Fund Inc. Neuberger Berman Real Estate Securities Income Fund Inc.,$4.75,0.005,0.105%,225246905.00,United States,2003,143938,,
NSPR,InspireMD Inc. Common Stock,$0.49,0.0267,5.763%,57718014.00,Israel,,8894167,Health Care,Medical/Dental Instruments
NTIP,Network-1 Technologies Inc. Common Stock,$3.32,-0.05,-1.484%,80068868.00,United States,,13187,Capital Goods,Telecommunications Equipment
NXE,Nexgen Energy Ltd. Common Shares,$3.51,-0.08,-2.228%,1647362056.00,,,1103162,,
OGEN,Oragenics Inc. Common Stock,$0.8353,0.0016,0.192%,91587403.00,United States,,7650159,Health Care,Major Pharmaceuticals
ORLA,Orla Mining Ltd. Common Shares,$3.82,-0.01,-0.261%,907964436.00,,2020,251575,,
PCG^A,Pacific Gas & Electric Co. 6% Preferred Stock,$29.2855,-0.2045,-0.693%,,United States,,701,,
PCG^C,Pacific Gas & Electric Co. 5% 1st Preferred Stock,$24.85,0.00,0.00%,,United States,,20,,
PCG^D,Pacific Gas & Electric Co. 5% 1st  Red. Preferred Stock,$24.7996,-0.0704,-0.283%,,United States,,1194,,
PCG^H,Pacific Gas & Electric Co. 4.50% 1st Preferred Stock,$22.20,0.15,0.68%,,United States,,100,,
PED,Pedevco Corp. Common Stock,$1.33,0.10,8.13%,105657332.00,United States,,235159,,
PHGE,BiomX Inc. COmmon Stock,$6.76,0.17,2.58%,163903028.00,,2019,22001,Health Care,Major Pharmaceuticals
PLAG,Planet Green Holdings Corp. Common Stock,$2.08,0.05,2.463%,41620654.00,China,,30438,,
PLG,Platinum Group Metals Ltd. Ordinary Shares (Canada),$5.21,0.10,1.957%,385320732.00,Canada,,1449104,,
PLM,Polymet Mining Corporation Ordinary Shares (Canada),$2.99,0.16,5.654%,301193996.00,Canada,,183641,,
PLX,Protalix BioTherapeutics Inc. (DE) Common Stock,$6.12,-0.10,-1.608%,277742926.00,Israel,,3273760,Health Care,Biotechnology: Biological Products (No Diagnostic Substances)
PLYM^A,Plymouth Industrial REIT Inc. 7.50% Series A Cumulative Redeemable Preferred Stock,$26.7401,-0.1685,-0.626%,,United States,,651,,
PRK,Park National Corporation Common Stock,$127.73,0.26,0.204%,2083728464.00,United States,,25769,Finance,Major Banks
PTK,PTK Acquisition Corp. Common Stock,$9.855,0.005,0.051%,141665625.00,United States,2020,12443,,
PTN,Palatin Technologies Inc. Common Stock,$0.63,0.0261,4.322%,144921613.00,United States,,1744389,Health Care,Major Pharmaceuticals
PW,Power REIT (MD) Common Stock,$44.47,0.99,2.277%,146716892.00,United States,,12179,Consumer Services,Real Estate Investment Trusts
PW^A,Power REIT 7.75% Series A Cumulative Perpetual Preferred Stock,$26.30,-0.10,-0.379%,,United States,,405,,
PZG,Paramount Gold Nevada Corp. Common Stock,$1.055,0.005,0.476%,38219006.00,United States,2015,127438,Basic Industries,Precious Metals
RCG,RENN Fund Inc Common Stock,$2.60,0.04,1.563%,15475086.00,United States,,16160,,
REI,Ring Energy Inc. Common Stock,$1.99,0.02,1.015%,197371358.00,United States,,1713716,Energy,Oil & Gas Production
REPX,Riley Exploration Permian Inc. Common Stock,$29.46,-0.26,-0.875%,530914038.00,United States,,16329,Energy,Oil & Gas Production
RHE,Regional Health Properties Inc. Common Stock,$4.21,0.18,4.467%,7107402.00,,2017,63069,Health Care,Hospital/Nursing Management
RHE^A,Regional Health Properties Inc. 10.875% Series A Cumulative Redeemable Preferred Stock,$2.78,-0.15,-5.119%,,,,1948,,
RLGT,Radiant Logistics Inc. Common Stock,$6.53,-0.05,-0.76%,326288030.00,United States,,98223,Transportation,Oil Refining/Marketing
RMED,Ra Medical Systems Inc. Common Stock,$4.25,0.21,5.198%,13852195.00,,2018,522005,Health Care,Medical/Dental Instruments
RVP,Retractable Technologies Inc. Common Stock,$10.65,0.28,2.70%,361914733.00,United States,,455523,Health Care,Medical/Dental Instruments
SACC,Sachem Capital Corp. 6.875% Notes due 2024,$25.38,0.17,0.674%,0.00,United States,2019,3961,Consumer Services,Real Estate Investment Trusts
SACH,Sachem Capital Corp. Common Shares,$5.10,0.04,0.791%,113772172.00,United States,2017,312982,Consumer Services,Real Estate Investment Trusts
SCCB,Sachem Capital Corp. 7.125% Notes due 2024,$25.70,0.035,0.136%,0.00,United States,2019,512,Consumer Services,Real Estate Investment Trusts
SCCC,Sachem Capital Corp. 7.75% Notes due 2025,$25.67,-0.05,-0.194%,0.00,United States,2020,3207,Consumer Services,Real Estate Investment Trusts
SDPI,Superior Drilling Products Inc. Common Stock,$0.8116,0.012,1.501%,20908717.00,,2014,34966,Energy,Metal Fabrications
SEB,Seaboard Corporation Common Stock,$3602.14,-78.86,-2.142%,4181288467.00,United States,1996,647,,
SENS,Senseonics Holdings Inc. Common Stock,$2.21,0.21,10.50%,945692115.00,United States,,22450352,Health Care,Medical Specialities
SIF,SIFCO Industries Inc. Common Stock,$14.30,0.03,0.21%,85216975.00,United States,,20350,Capital Goods,Office Equipment/Supplies/Services
SILV,SilverCrest Metals Inc. Common Shares,$8.99,0.11,1.239%,1298677096.00,,2018,459059,Capital Goods,Industrial Machinery/Components
SIM,Grupo Simec S.A.B. de C.V. American Depositary Shares,$14.27,0.27,1.929%,2367436823.00,Mexico,1993,1029,Basic Industries,Aluminum
SMTS,Sierra Metals Inc. Common Stock,$3.42,0.05,1.484%,556812091.00,,,1088458,,
SNMP,Evolve Transition Infrastructure LP Common Stock,$0.74,0.03,4.225%,41577180.00,United States,,359072,Energy,Oil & Gas Production
SSY,SunLink Health Systems Inc. Common Stock,$2.21,0.16,7.805%,15247499.00,United States,,260248,Health Care,Medical/Nursing Services
STXS,Stereotaxis Inc. Common Stock,$7.91,0.17,2.196%,585976589.00,United States,,443074,Health Care,Biotechnology: Electromedical & Electrotherapeutic Apparatus
SVM,Silvercorp Metals Inc. Common Shares,$5.44,0.00,0.00%,953948673.00,,,581521,,
SVT,Servotronics Inc. Common Stock,$7.8581,-0.0351,-0.445%,19476356.00,United States,,7602,Consumer Durables,Metal Fabrications
SYN,Synthetic Biologics Inc. Common Stock,$0.584,0.0427,7.888%,75718272.00,United States,,3269094,Health Care,Major Pharmaceuticals
TGB,Taseko Mines Ltd. Common Stock,$2.08,0.24,13.043%,588883410.00,Canada,,5093531,,
THM,International Tower Hill Mines Ltd. Ordinary Shares (Canada),$1.09,0.00,0.00%,212449921.00,Canada,,79826,,
TKAT,Takung Art Co. Ltd. Common Stock,$31.10,-1.90,-5.758%,350539887.00,,,4919398,Consumer Services,Catalog/Specialty Distribution
TMBR,Timber Pharmaceuticals Inc. Common Stock,$1.62,0.11,7.285%,59685733.00,United States,2015,1306135,Consumer Durables,Specialty Chemicals
TMP,Tompkins Financial Corporation Common Stock,$78.97,-0.41,-0.517%,1177183994.00,United States,,21694,Finance,Major Banks
TMQ,Trilogy Metals Inc. Common Stock,$2.28,0.00,0.00%,328987525.00,Canada,,360290,,
TPHS,Trinity Place Holdings Inc. Common Stock,$2.019,-0.011,-0.542%,65501680.00,,,6233,Consumer Services,Real Estate
TRT,Trio-Tech International Common Stock,$4.57,0.10,2.237%,16957236.00,United States,,2387,Technology,Industrial Machinery/Components
TRX,Tanzanian Gold Corporation Common Stock,$0.58,0.0135,2.383%,147824922.00,Canada,,1066305,,
UAMY,United States Antimony Corporation Common Stock,$0.9718,0.0878,9.932%,99901137.00,United States,,3674071,,
UAVS,AgEagle Aerial Systems Inc. Common Stock,$6.37,0.12,1.92%,398034642.00,United States,,4435381,,
UEC,Uranium Energy Corp. Common Stock,$2.84,-0.03,-1.045%,654687430.00,Canada,,3000765,Basic Industries,Other Metals and Minerals
UFAB,Unique Fabricating Inc. Common Stock,$4.26,0.03,0.709%,41659166.00,United States,2015,12884,Capital Goods,Auto Parts:O.E.M.
URG,Ur Energy Inc Common Shares (Canada),$1.08,0.02,1.887%,204540228.00,Canada,,1769765,,
USAS,Americas Gold and Silver Corporation Common Shares no par value,$2.28,0.01,0.441%,303334508.00,,2017,315963,,
UTG,Reaves Utility Income Fund Common Shares of Beneficial Interest,$34.53,-0.25,-0.719%,1923215338.00,United States,2004,127985,,
UUU,Universal Security Instruments Inc. Common Stock,$5.74,0.18,3.237%,13275971.00,United States,,59127,Miscellaneous,Diversified Manufacture
UUUU,Energy Fuels Inc Ordinary Shares (Canada),$5.44,-0.10,-1.805%,771947691.00,,,2263215,,
VCF,Delaware Investments Colorado Municipal Income Fund Inc  Common Stock,$14.38,-0.12,-0.828%,69557498.00,United States,1993,4869,,
VFL,Delaware Investments National Municipal Income Fund Common Stock,$13.48,-0.0503,-0.372%,61043412.00,United States,1993,5447,,
VGZ,Vista Gold Corp Common Stock,$1.10,0.00,0.00%,114178815.00,United States,,252759,,
VHAQ,Viveon Health Acquisition Corp. Common Stock,$9.89,0.00,0.00%,248795313.00,,2021,73039,,
VKI,Invesco Advantage Municipal Income Trust II Common Shares of Beneficial Interest (DE),$12.16,0.06,0.496%,539801260.00,United States,,127428,,
VMM,Delaware Investments Minnesota Municipal Income Fund II Inc. Common Stock,$13.51,-0.04,-0.295%,155432212.00,United States,1993,21373,,
VNRX,VolitionRX Limited Common Stock,$3.37,0.07,2.121%,178174957.00,Singapore,2015,129939,Health Care,Biotechnology: Biological Products (No Diagnostic Substances)
VOLT,Volt Information Sciences Inc. Common Stock,$3.89,0.02,0.517%,84555277.00,United States,,45312,Technology,Diversified Commercial Services
WLMS,Williams Industrial Services Group Inc. Common Stock,$5.13,0.13,2.60%,131244458.00,,2021,524263,Capital Goods,Oilfield Services/Equipment
WRN,Western Copper and Gold Corporation Common Stock,$1.49,0.15,11.194%,202338476.00,Canada,2011,824623,,
WTT,Wireless Telecom Group  Inc. Common Stock,$2.01,-0.02,-0.985%,43569763.00,United States,,71432,Capital Goods,Telecommunications Equipment
WWR,Westwater Resources Inc. Common Stock,$4.85,0.27,5.895%,156831128.00,United States,,1787958,Basic Industries,Other Metals and Minerals
WYY,WidePoint Corporation Common Stock,$9.15,0.28,3.157%,82301514.00,United States,,51449,Technology,EDP Services
XPL,Solitario Zinc Corp. Common Stock,$0.7694,0.0446,6.153%,44916892.00,United States,,1045376,,
XTNT,Xtant Medical Holdings Inc. Common Stock,$2.04,0.01,0.493%,176882863.00,United States,,166100,Health Care,Medical Specialities
XXII,22nd Century Group Inc. Common Stock,$5.39,0.24,4.66%,821422530.00,United States,,27869725,,
YCBD,cbdMD Inc. Common Stock,$3.70,-0.15,-3.896%,205851842.00,United States,2017,582826,Health Care,Major Pharmaceuticals
YCBD^A,cbdMD Inc. 8.0% Series A Cumulative Convertible Preferred Stock,$9.40,-0.09,-0.948%,,United States,,6204,,
ZDGE,Zedge Inc. Class B Common Stock ,$13.66,-0.24,-1.727%,184843036.00,,2016,243998,Technology,Computer Software: Prepackaged Software
ZOM,Zomedica Corp. Common Shares,$1.13,0.1867,19.792%,1098379558.00,United States,2017,102380472,,
